train_loss,val_loss
3.1510967016220093,2.5853919982910156
2.176028609275818,4.606199741363525
2.084118068218231,2.4154293537139893
2.0562081336975098,3.1890101432800293
2.026164710521698,2.4350407123565674
1.9708508054415386,2.052126169204712
1.965790073076884,1.986816644668579
1.9633688728014629,2.094191312789917
1.9653101364771526,2.0471439361572266
1.9617945154507954,2.0783073902130127
1.9926717082659404,2.0040283203125
1.932082196076711,2.014753580093384
